{"indigo": {"1": {"all": {"tput": 10.183658824279703, "delay": 24.29, "loss": 0.0}, "1": {"tput": 10.183658824279703, "delay": 24.29, "loss": 0.0}}}}