{"bbr": {"1": {"all": {"tput": 11.984018034279684, "delay": 16.123, "loss": 0.0003009618473118758}, "1": {"tput": 11.984018034279684, "delay": 16.123, "loss": 0.0003009618473118758}}}, "copa": {"1": {"all": {"tput": 11.969552675608755, "delay": 566.116, "loss": 0.01496413047170242}, "1": {"tput": 11.969552675608755, "delay": 566.116, "loss": 0.01496413047170242}}}, "cubic": {"1": {"all": {"tput": 11.999206340728714, "delay": 1713.581, "loss": 0.030582070324392974}, "1": {"tput": 11.999206340728714, "delay": 1713.581, "loss": 0.030582070324392974}}}}