{"copa": {"1": {"all": {"tput": 11.969546561572658, "delay": 570.204, "loss": 0.015501705469003091}, "1": {"tput": 11.969546561572658, "delay": 570.204, "loss": 0.015501705469003091}}}}